title,year,venue_or_source,link,paper_type,insight_score,completeness_score,numeric_evidence_score,overall_label,relevance_note,quality_note
"KRAM: Knowledge-driven robust training against label noise for medication recommendation",2026,"Expert Systems with Applications","https://doi.org/10.1016/j.eswa.2026.131330","pure method",5,5,5,"high","Closest MedRec label-noise method; co-denoising and label refinement raise the baseline bar.","Primary publisher source; noise evaluation uses random replacement/addition rather than a selective prescribing observation model."
"Debiased medication recommendation through fusing frequent pattern and temporal medical records",2026,"Neural Networks","https://doi.org/10.1016/j.neunet.2026.109168","pure method",4,5,5,"high","Closest collision for long-tail prevalence bias and history-based medication recalibration.","Primary publisher/PubMed verified."
"Medication mapping and diagnosis enhancement for fine-grained medication recommendation",2026,"Information Sciences","https://doi.org/10.1016/j.ins.2026.123930","pure method",5,5,5,"high","Direct collision for diagnosis-level supervision and fine-grained recommendation.","Primary publisher verified."
"Real-world evaluation of medication recommendation workflows: Retrieval augmentation, physician-RAG collaborative workflow, and prescribing quality",2026,"International Journal of Medical Informatics","https://doi.org/10.1016/j.ijmedinf.2026.106598","other",5,5,5,"high","Expert CORE/ALT/AVOID reference supports non-exhaustive treatment semantics.","Problem-boundary evidence, not a method template."
"SafeRx-Agent: A Knowledge-Grounded Multi-Agent Framework for Safe and Explainable Medication Recommendation",2026,"arXiv","https://arxiv.org/abs/2605.29146","system/tool",4,4,4,"medium-high","Case analysis gives an existence example of a clinically reasonable continuation outside current-visit ground truth.","Use as existence evidence only; not prevalence evidence."
"CEHMR: Curriculum learning enhanced hierarchical multi-label classification for medication recommendation",2023,"Artificial Intelligence in Medicine","https://doi.org/10.1016/j.artmed.2023.102613","pure method",4,5,5,"medium-high","Strong prior for hierarchical multi-label objectives and curriculum learning.","Primary publisher/PubMed verified."
"Unbiased Recommender Learning from Missing-Not-At-Random Implicit Feedback",2020,"WSDM","https://doi.org/10.1145/3336191.3371783","pure method",5,5,5,"high","Canonical PU/MNAR implicit-feedback prior art and generic baseline family.","Official WSDM/proceedings evidence."
"Counterfactual Implicit Feedback Modeling",2025,"NeurIPS","https://proceedings.neurips.cc/paper_files/paper/2025/hash/1436e87a58b3e6ac177450bd10721726-Abstract-Conference.html","pure method",5,5,5,"high","Strong CCF-A collision for joint PU/MNAR counterfactual modeling.","Official NeurIPS proceedings."
"Correct and Weight: A Simple Yet Effective Loss for Implicit Feedback Recommendation",2026,"arXiv","https://arxiv.org/abs/2601.04291","pure method",4,4,4,"medium-high","Killer simple control for uncertain-negative down-weighting and PU-style correction.","Current preprint; not relied upon for venue-level claims."
