title,year,venue,type,relevance,quality,completeness,key_role,url
"HypeMed: Enhancing Medication Recommendations with Hypergraph-Based Patient Relationships",2026,"ACM TOIS","pure method",5,5,"full experimental text","Multi-dataset/eICU collision; cross-institution language but not central source-target adaptation","https://doi.org/10.1145/3803851"
"KATMed: a knowledge-augmented transformer model for contraindication-aware medication recommendation in comorbidities",2026,"Journal of Biomedical Informatics","pure method",4,5,"publisher abstract/experimental/limitations","Partial eICU external validation; different central mechanism","https://doi.org/10.1016/j.jbi.2026.104991"
"Mixture of Experts Based Medication Recommendation for Multimorbidity",2026,"Expert Systems with Applications","pure method",4,4,"publisher abstract","MIMIC-III/IV/eICU multi-dataset collision","https://www.sciencedirect.com/science/article/pii/S0957417426022839"
"Natural Language-Assisted Multi-modal Medication Recommendation",2024,"CIKM","pure method",3,5,"conference/project metadata","Three-dataset evaluation; no deployment adaptation objective","https://doi.org/10.1145/3627673.3679529"
"Developing and validating a machine learning pharmaceutical therapy recommender system for US-based hospital in-patients with schizophrenia spectrum disorders",2025,"BMC Psychiatry","clinical recommendation/validation",5,4,"full text","Direct evidence of temporal/geographic degradation, but narrow task and no general adaptation method","https://doi.org/10.1186/s12888-025-07657-8"
"Debiased medication recommendation through fusing frequent pattern and temporal medical records",2026,"Neural Networks","pure method",5,5,"publisher full preview","Medication-frequency/long-tail confound; motivates recent-prior control","https://doi.org/10.1016/j.neunet.2026.109168"
"Predicting Inpatient Medication Orders From Electronic Health Record Data",2020,"Clinical Pharmacology & Therapeutics","method/prediction task",4,5,"PubMed/DOI","Order-time and pre-order causal prediction prior art","https://doi.org/10.1002/cpt.1826"
"MIMIC-IV, a freely accessible electronic health record dataset",2023,"Scientific Data","data resource",5,5,"full text","anchor_year_group explicitly enables medical-practice-over-time analyses","https://doi.org/10.1038/s41597-022-01899-x"
"Patient-level and temporal data leakage can inflate performance in medication recommendation models",2026,"Journal of Biomedical Informatics","critical appraisal",5,5,"PubMed metadata","Requires patient-disjoint chronological evaluation","https://doi.org/10.1016/j.jbi.2026.105016"
