baseline,epoch,ddi,jaccard,prauc,precision,recall,f1,avg_med
MoleRec,1,0.0661,0.4775,0.7186,0.5955,0.7173,0.6372,23.4423
MoleRec,2,0.0711,0.4940,0.7363,0.6080,0.7361,0.6526,23.5265
MoleRec,3,0.0703,0.4997,0.7430,0.6268,0.7223,0.6580,22.4111
MoleRec,4,0.0748,0.5228,0.7691,0.6652,0.7208,0.6779,21.0781
MoleRec,5,0.0726,0.5259,0.7704,0.6625,0.7297,0.6806,21.4563
MoleRec,6,0.0721,0.5247,0.7717,0.6595,0.7302,0.6798,21.5397
MoleRec,7,0.0762,0.5274,0.7732,0.6642,0.7284,0.6819,21.3085
MoleRec,8,0.0707,0.5281,0.7749,0.6568,0.7395,0.6824,21.8820
MoleRec,9,0.0719,0.5286,0.7749,0.6588,0.7372,0.6830,21.7552
MoleRec,10,0.0740,0.5301,0.7752,0.6688,0.7278,0.6842,21.1294
MoleRec,11,0.0728,0.5276,0.7760,0.6605,0.7341,0.6821,21.7376
MoleRec,12,0.0720,0.5305,0.7758,0.6720,0.7264,0.6845,21.1141
MoleRec,13,0.0723,0.5307,0.7757,0.6759,0.7208,0.6846,20.7473
MoleRec,14,0.0710,0.5307,0.7771,0.6622,0.7375,0.6848,21.7253
MoleRec,15,0.0730,0.5314,0.7773,0.6785,0.7212,0.6855,20.6814
MoleRec,16,0.0734,0.5294,0.7767,0.6783,0.7174,0.6836,20.5748
MoleRec,17,0.0714,0.5299,0.7754,0.6654,0.7319,0.6841,21.4656
MoleRec,18,0.0711,0.5280,0.7747,0.6679,0.7249,0.6825,21.0926
MoleRec,19,0.0725,0.5294,0.7757,0.6714,0.7241,0.6837,20.9596
MoleRec,20,0.0729,0.5295,0.7760,0.6706,0.7254,0.6839,20.9517
MoleRec,21,0.0737,0.5321,0.7765,0.6771,0.7235,0.6860,20.7977
MoleRec,22,0.0718,0.5311,0.7761,0.6801,0.7189,0.6853,20.5937
MoleRec,23,0.0735,0.5324,0.7764,0.6733,0.7277,0.6863,21.0759
MoleRec,24,0.0710,0.5307,0.7759,0.6722,0.7261,0.6849,21.0535
MoleRec,25,0.0734,0.5317,0.7751,0.6765,0.7225,0.6857,20.7258
MoleRec,26,0.0742,0.5324,0.7771,0.6645,0.7383,0.6863,21.6095
MoleRec,27,0.0740,0.5297,0.7736,0.6650,0.7334,0.6841,21.4392
MoleRec,28,0.0716,0.5313,0.7770,0.6648,0.7356,0.6853,21.5195
MoleRec,29,0.0725,0.5294,0.7742,0.6612,0.7365,0.6838,21.6775
MoleRec,30,0.0711,0.5300,0.7750,0.6688,0.7292,0.6842,21.2387
MoleRec,31,0.0718,0.5272,0.7728,0.6687,0.7247,0.6819,21.1110
MoleRec,32,0.0719,0.5310,0.7754,0.6696,0.7293,0.6852,21.1983
MoleRec,33,0.0719,0.5314,0.7772,0.6720,0.7288,0.6856,21.1575
MoleRec,34,0.0705,0.5315,0.7743,0.6626,0.7388,0.6854,21.7060
MoleRec,35,0.0729,0.5309,0.7753,0.6683,0.7319,0.6852,21.3221
MoleRec,36,0.0716,0.5301,0.7738,0.6631,0.7360,0.6844,21.6183
MoleRec,37,0.0707,0.5291,0.7744,0.6621,0.7360,0.6836,21.6529
MoleRec,38,0.0750,0.5299,0.7758,0.6635,0.7356,0.6843,21.5678
MoleRec,39,0.0730,0.5304,0.7757,0.6667,0.7329,0.6849,21.2927
MoleRec,40,0.0725,0.5317,0.7746,0.6655,0.7353,0.6857,21.4967
MoleRec,41,0.0715,0.5304,0.7748,0.6714,0.7266,0.6848,21.0518
MoleRec,42,0.0752,0.5307,0.7760,0.6677,0.7317,0.6850,21.3295
MoleRec,43,0.0739,0.5312,0.7767,0.6645,0.7363,0.6853,21.5766
MoleRec,44,0.0737,0.5294,0.7749,0.6592,0.7395,0.6839,21.8355
MoleRec,45,0.0723,0.5327,0.7753,0.6650,0.7379,0.6866,21.5037
MoleRec,46,0.0731,0.5304,0.7751,0.6616,0.7387,0.6847,21.6709
MoleRec,47,0.0704,0.5316,0.7752,0.6694,0.7322,0.6856,21.3190
MoleRec,48,0.0730,0.5315,0.7749,0.6699,0.7314,0.6857,21.2769
MoleRec,49,0.0714,0.5325,0.7753,0.6687,0.7335,0.6865,21.3111
MoleRec,50,0.0728,0.5314,0.7750,0.6599,0.7423,0.6857,21.8464
GAMENet,1,0.06437,0.443,0.7032,0.5561,0.7072,0.6037,24.53
GAMENet,2,0.06255,0.4376,0.701,0.5368,0.7263,0.5988,26.3
GAMENet,3,0.06928,0.4352,0.702,0.5498,0.7015,0.5976,24.53
GAMENet,4,0.0718,0.4366,0.7045,0.53,0.7419,0.5984,27.49
GAMENet,5,0.06491,0.441,0.7033,0.5367,0.7371,0.6026,26.47
GAMENet,6,0.06597,0.4424,0.7015,0.5245,0.7642,0.6036,27.99
GAMENet,7,0.06576,0.4419,0.7021,0.5438,0.7265,0.6037,25.77
GAMENet,8,0.06337,0.4413,0.7024,0.5341,0.7427,0.603,26.85
GAMENet,9,0.06723,0.443,0.7072,0.5453,0.7238,0.6052,25.71
GAMENet,10,0.07548,0.4478,0.7063,0.5445,0.7347,0.6093,26.12
GAMENet,11,0.07549,0.4498,0.7114,0.5418,0.7458,0.611,26.52
GAMENet,12,0.07715,0.4547,0.7141,0.5467,0.7481,0.6157,26.33
GAMENet,13,0.0815,0.4605,0.7202,0.5519,0.7544,0.6209,26.26
GAMENet,14,0.08307,0.4629,0.724,0.5469,0.768,0.6231,27.04
GAMENet,15,0.08392,0.4658,0.7251,0.5511,0.7665,0.6257,26.8
GAMENet,16,0.08443,0.4682,0.7304,0.5509,0.7728,0.6278,27.0
GAMENet,17,0.08588,0.4719,0.7317,0.5568,0.7717,0.6311,26.63
GAMENet,18,0.08648,0.4749,0.735,0.5593,0.7749,0.634,26.7
GAMENet,19,0.08926,0.4773,0.7387,0.5617,0.7753,0.6361,26.63
GAMENet,20,0.09085,0.4787,0.7408,0.5658,0.7718,0.6376,26.33
GAMENet,21,0.09138,0.4801,0.742,0.568,0.7715,0.639,26.24
GAMENet,22,0.09436,0.4799,0.7439,0.5644,0.7763,0.6386,26.54
GAMENet,23,0.09315,0.4782,0.7453,0.556,0.7876,0.6369,27.39
GAMENet,24,0.09377,0.4798,0.7472,0.558,0.7876,0.6386,27.29
GAMENet,25,0.0955,0.4814,0.7481,0.5587,0.7898,0.6402,27.42
GAMENet,26,0.09278,0.4824,0.7499,0.5581,0.7933,0.6409,27.49
GAMENet,27,0.09261,0.4834,0.7514,0.557,0.7978,0.642,27.74
GAMENet,28,0.09428,0.4858,0.7529,0.5607,0.7966,0.6441,27.49
GAMENet,29,0.09261,0.4873,0.7541,0.5617,0.7983,0.6457,27.51
GAMENet,30,0.08999,0.4893,0.7555,0.5627,0.8013,0.6473,27.56
GAMENet,31,0.09077,0.4916,0.7569,0.5663,0.7999,0.6496,27.35
GAMENet,32,0.09061,0.4921,0.7582,0.5659,0.8018,0.65,27.42
GAMENet,33,0.08882,0.4921,0.7602,0.563,0.8076,0.65,27.76
GAMENet,34,0.08971,0.4926,0.7615,0.5634,0.8079,0.6504,27.78
GAMENet,35,0.08915,0.4946,0.7627,0.5665,0.807,0.6522,27.58
GAMENet,36,0.08877,0.4936,0.7635,0.5618,0.814,0.6513,28.08
GAMENet,37,0.08788,0.4969,0.7647,0.5676,0.8104,0.6543,27.65
GAMENet,38,0.08731,0.4942,0.7651,0.5618,0.8156,0.6519,28.16
GAMENet,39,0.08691,0.4974,0.7661,0.5667,0.8137,0.6548,27.88
GAMENet,40,0.08621,0.4973,0.7666,0.5669,0.8132,0.6547,27.84
GAMENet,41,0.08618,0.4975,0.7674,0.5645,0.8182,0.6549,28.15
GAMENet,42,0.08683,0.4997,0.7679,0.5691,0.8146,0.6569,27.82
GAMENet,43,0.08554,0.4983,0.7683,0.5659,0.8173,0.6556,28.06
GAMENet,44,0.08586,0.498,0.7687,0.5649,0.8185,0.6554,28.15
GAMENet,45,0.0845,0.498,0.7684,0.5639,0.8205,0.6554,28.29
GAMENet,46,0.08606,0.5017,0.7692,0.5707,0.8163,0.6587,27.79
GAMENet,47,0.08545,0.5009,0.7694,0.5691,0.8179,0.6581,27.92
GAMENet,48,0.08525,0.5011,0.7698,0.5691,0.8178,0.6582,27.92
GAMENet,49,0.08491,0.5025,0.7702,0.5714,0.8164,0.6595,27.74
GAMENet,50,0.08469,0.5021,0.7705,0.5711,0.8162,0.6591,27.74
RETAIN,1,0.1005,0.438,0.7081,0.602,0.6457,0.6015,20.77
RETAIN,2,0.1007,0.4444,0.722,0.6331,0.6226,0.6081,19.09
RETAIN,3,0.0922,0.4488,0.7276,0.6743,0.5938,0.6126,16.93
RETAIN,4,0.08578,0.4532,0.7314,0.6797,0.5973,0.6169,17.16
RETAIN,5,0.08746,0.4535,0.7353,0.6928,0.5883,0.6172,16.41
RETAIN,6,0.09468,0.4541,0.7371,0.689,0.5918,0.618,16.71
RETAIN,7,0.0851,0.468,0.7394,0.688,0.6162,0.6305,17.5
RETAIN,8,0.0929,0.4617,0.74,0.6823,0.6103,0.6249,17.48
RETAIN,9,0.0875,0.464,0.7432,0.6917,0.605,0.6266,17.31
RETAIN,10,0.08891,0.47,0.7455,0.6942,0.6141,0.6324,17.35
RETAIN,11,0.0864,0.4759,0.746,0.6812,0.6354,0.6378,18.41
RETAIN,12,0.08895,0.4667,0.7456,0.6921,0.6098,0.6295,17.38
RETAIN,13,0.08789,0.4685,0.7471,0.6955,0.6103,0.6311,17.11
RETAIN,14,0.09087,0.4784,0.7477,0.6783,0.6409,0.6399,18.62
RETAIN,15,0.08472,0.4768,0.7502,0.681,0.6355,0.6384,18.38
RETAIN,16,0.09379,0.4717,0.7513,0.6975,0.6135,0.634,17.23
RETAIN,17,0.08737,0.4753,0.752,0.7005,0.6174,0.6374,17.31
RETAIN,18,0.09004,0.4801,0.7536,0.6917,0.6328,0.6416,18.02
RETAIN,19,0.08757,0.4763,0.7534,0.7014,0.6181,0.6382,17.28
RETAIN,20,0.08358,0.4803,0.7536,0.6897,0.6337,0.6417,18.21
RETAIN,21,0.09088,0.4791,0.7558,0.6992,0.6248,0.6409,17.58
RETAIN,22,0.08969,0.4826,0.7553,0.6974,0.6316,0.6436,17.79
RETAIN,23,0.08666,0.4842,0.7571,0.6925,0.6377,0.6451,18.18
RETAIN,24,0.08758,0.4805,0.7548,0.6935,0.6308,0.6419,18.06
RETAIN,25,0.08812,0.4798,0.756,0.702,0.6238,0.6416,17.54
RETAIN,26,0.08835,0.4801,0.7576,0.7111,0.6166,0.6419,16.96
RETAIN,27,0.08453,0.4872,0.7573,0.6879,0.6475,0.6476,18.69
RETAIN,28,0.08516,0.4824,0.7585,0.7023,0.6274,0.6438,17.63
RETAIN,29,0.08741,0.4884,0.7602,0.6944,0.6445,0.6491,18.5
RETAIN,30,0.08939,0.4838,0.7591,0.6992,0.6316,0.6448,17.8
RETAIN,31,0.08924,0.4858,0.7598,0.7009,0.6338,0.6467,17.86
RETAIN,32,0.08505,0.4886,0.7597,0.6931,0.6445,0.649,18.45
RETAIN,33,0.08804,0.484,0.7602,0.7032,0.629,0.6451,17.74
RETAIN,34,0.08764,0.4893,0.7613,0.7021,0.6382,0.6498,18.03
RETAIN,35,0.08693,0.4865,0.7606,0.7041,0.6322,0.6472,17.74
RETAIN,36,0.08683,0.4905,0.7613,0.694,0.6485,0.6508,18.56
RETAIN,37,0.08536,0.4868,0.7607,0.7011,0.6363,0.6477,17.97
RETAIN,38,0.08601,0.4859,0.7617,0.7076,0.6294,0.6469,17.47
RETAIN,39,0.08754,0.4868,0.7609,0.6986,0.6383,0.6478,18.14
RETAIN,40,0.0835,0.4905,0.7622,0.6947,0.6482,0.6508,18.7
RETAIN,41,0.08707,0.4869,0.762,0.7078,0.631,0.6479,17.66
RETAIN,42,0.08781,0.4879,0.7633,0.7092,0.6322,0.6487,17.63
RETAIN,43,0.08642,0.4889,0.7617,0.6981,0.6419,0.6494,18.3
RETAIN,44,0.08739,0.4866,0.7623,0.7046,0.6336,0.6475,17.85
RETAIN,45,0.08786,0.49,0.762,0.6976,0.6451,0.6504,18.5
RETAIN,46,0.0851,0.4907,0.7627,0.6957,0.6476,0.6512,18.61
RETAIN,47,0.08615,0.4883,0.7625,0.7005,0.6397,0.6489,18.3
RETAIN,48,0.08727,0.4885,0.7631,0.7056,0.6352,0.6492,17.77
RETAIN,49,0.0872,0.4884,0.7632,0.7051,0.636,0.6492,17.86
RETAIN,50,0.0867,0.4929,0.7632,0.6931,0.6531,0.6528,18.93
SafeDrug,1,0.06074,0.4637,0.7176,0.6184,0.6593,0.6251,20.43
SafeDrug,2,0.05381,0.4692,0.7279,0.645,0.6419,0.6298,19.16
SafeDrug,3,0.05814,0.4781,0.7336,0.64,0.6625,0.6379,20.0
SafeDrug,4,0.06004,0.48,0.7391,0.6589,0.6463,0.6394,18.89
SafeDrug,5,0.06364,0.49,0.7436,0.6548,0.6711,0.6489,19.75
SafeDrug,6,0.06348,0.4949,0.7491,0.6678,0.6676,0.653,19.24
SafeDrug,7,0.06324,0.4963,0.7505,0.6782,0.6609,0.6548,18.9
SafeDrug,8,0.06349,0.5029,0.7539,0.6683,0.6819,0.6606,19.76
SafeDrug,9,0.06325,0.506,0.7564,0.6668,0.6883,0.6631,19.88
SafeDrug,10,0.06296,0.5062,0.7586,0.6725,0.6838,0.6633,19.64
SafeDrug,11,0.06208,0.5036,0.7583,0.6882,0.6647,0.6609,18.68
SafeDrug,12,0.06165,0.5053,0.759,0.6722,0.6825,0.6625,19.68
SafeDrug,13,0.05961,0.5059,0.7595,0.6754,0.6813,0.6632,19.61
SafeDrug,14,0.06123,0.5088,0.7616,0.6765,0.683,0.6658,19.49
SafeDrug,15,0.05879,0.5079,0.7613,0.6766,0.6835,0.665,19.66
SafeDrug,16,0.06145,0.5112,0.7644,0.6765,0.6887,0.668,19.78
SafeDrug,17,0.06129,0.5114,0.7644,0.6744,0.6908,0.6682,19.81
SafeDrug,18,0.05959,0.5108,0.7657,0.6623,0.7026,0.6671,20.67
SafeDrug,19,0.06093,0.5115,0.7648,0.676,0.69,0.6681,19.82
SafeDrug,20,0.06109,0.5123,0.7657,0.6671,0.6997,0.6687,20.38
SafeDrug,21,0.0625,0.5138,0.7663,0.6821,0.6868,0.6702,19.47
SafeDrug,22,0.06101,0.5158,0.7672,0.6842,0.6889,0.6721,19.52
SafeDrug,23,0.06104,0.5149,0.7667,0.6793,0.692,0.6709,19.77
SafeDrug,24,0.06021,0.5164,0.7675,0.6808,0.6921,0.6722,19.7
SafeDrug,25,0.05968,0.5153,0.7677,0.6739,0.6977,0.6714,20.21
SafeDrug,26,0.06016,0.5183,0.7693,0.6864,0.6896,0.6738,19.47
SafeDrug,27,0.06269,0.5183,0.7691,0.6772,0.6999,0.674,20.1
SafeDrug,28,0.06034,0.5169,0.7691,0.6845,0.6893,0.6728,19.49
SafeDrug,29,0.06502,0.5192,0.7695,0.6783,0.6995,0.6747,19.98
SafeDrug,30,0.06109,0.5199,0.7684,0.6776,0.7019,0.6755,20.1
SafeDrug,31,0.06189,0.5187,0.7681,0.6816,0.6959,0.6744,19.79
SafeDrug,32,0.06099,0.5192,0.7693,0.6819,0.6957,0.6748,19.82
SafeDrug,33,0.06206,0.5193,0.7692,0.6833,0.6945,0.675,19.74
SafeDrug,34,0.06053,0.5186,0.7679,0.6839,0.6927,0.6744,19.62
SafeDrug,35,0.0608,0.5176,0.7685,0.685,0.6899,0.6735,19.55
SafeDrug,36,0.0591,0.5175,0.7678,0.6827,0.6924,0.6735,19.67
SafeDrug,37,0.06044,0.5169,0.7691,0.679,0.6952,0.6728,19.85
SafeDrug,38,0.06221,0.5193,0.7704,0.6899,0.6885,0.6748,19.3
SafeDrug,39,0.06076,0.5172,0.7696,0.6796,0.6947,0.6729,19.9
SafeDrug,40,0.05948,0.5168,0.7671,0.68,0.6937,0.6727,19.75
SafeDrug,41,0.05998,0.5192,0.7696,0.6827,0.6952,0.6748,19.71
SafeDrug,42,0.0602,0.5196,0.7688,0.6802,0.6981,0.6753,19.79
SafeDrug,43,0.0577,0.517,0.7683,0.6848,0.6891,0.6728,19.53
SafeDrug,44,0.06117,0.5188,0.7692,0.679,0.6976,0.6745,19.93
SafeDrug,45,0.0618,0.5166,0.7681,0.6876,0.686,0.6726,19.35
SafeDrug,46,0.06187,0.5159,0.7681,0.6859,0.6872,0.6722,19.44
SafeDrug,47,0.05928,0.5163,0.7675,0.6846,0.689,0.6725,19.46
SafeDrug,48,0.05931,0.5172,0.7684,0.6847,0.6897,0.6729,19.52
SafeDrug,49,0.06024,0.5162,0.7684,0.6868,0.686,0.6721,19.36
SafeDrug,50,0.05897,0.5183,0.7678,0.6791,0.6976,0.6742,19.92
